{"cameraMode":{"drawMode":0,"name":"Shaded","section":"Shading Mode"},"sceneLighting":false,"audioPlay":false,"sceneViewState":{"m_AlwaysRefresh":false,"showFog":true,"showSkybox":false,"showFlares":true,"showImageEffects":true,"showParticleSystems":true,"showVisualEffectGraphs":true,"m_FxEnabled":true},"in2DMode":false,"pivot":{"x":15.219999313354493,"y":-1.059999942779541,"z":-0.06000000238418579},"rotation":{"x":0.19475165009498597,"y":0.6466700434684753,"z":-0.17585411667823792,"w":0.7162438035011292},"size":2.006272554397583,"orthographic":true}