{"cameraMode":{"drawMode":0,"name":"Shaded","section":"Shading Mode"},"sceneLighting":false,"audioPlay":false,"sceneViewState":{"m_AlwaysRefresh":false,"showFog":true,"showSkybox":false,"showFlares":true,"showImageEffects":true,"showParticleSystems":true,"showVisualEffectGraphs":true,"m_FxEnabled":true},"in2DMode":false,"pivot":{"x":17.505029678344728,"y":0.10857939720153809,"z":-6.274532794952393},"rotation":{"x":0.10918410122394562,"y":0.2787592113018036,"z":-0.031917039304971698,"w":0.9536033868789673},"size":1.5818439722061158,"orthographic":true}